{
  "version": 1,
  "built_at": "2025-10-14T11:33:00.526752+00:00",
  "document_count": 1,
  "token_count": 26,
  "idf": {
    "company": 1.0,
    "leave": 1.0,
    "policy": 1.0,
    "employee": 1.0,
    "must": 1.0,
    "submit": 1.0,
    "request": 1.0,
    "three": 1.0,
    "day": 1.0,
    "advance": 1.0,
    "obtain": 1.0,
    "manager": 1.0,
    "approval": 1.0,
    "transportate": 1.0,
    "reimburse": 1.0,
    "taxi": 1.0,
    "ride": 1.0,
    "require": 1.0,
    "receipt": 1.0,
    "metro": 1.0,
    "bus": 1.0,
    "trip": 1.0,
    "reimburs": 1.0,
    "stor": 1.0,
    "value": 1.0,
    "state": 1.0
  },
  "documents": [
    {
      "doc_id": "demo.txt#0",
      "source": "demo.txt",
      "chunk_index": 0,
      "content": "﻿Company leave policy: employees must submit the request three days in advance and obtain manager approval. Transportation reimbursement: taxi rides require a receipt, while metro or bus trips can be reimbursed with a stored-value statement.",
      "term_freq": {
        "company": 0.038461538461538464,
        "leave": 0.038461538461538464,
        "policy": 0.038461538461538464,
        "employee": 0.038461538461538464,
        "must": 0.038461538461538464,
        "submit": 0.038461538461538464,
        "request": 0.038461538461538464,
        "three": 0.038461538461538464,
        "day": 0.038461538461538464,
        "advance": 0.038461538461538464,
        "obtain": 0.038461538461538464,
        "manager": 0.038461538461538464,
        "approval": 0.038461538461538464,
        "transportate": 0.038461538461538464,
        "reimburse": 0.038461538461538464,
        "taxi": 0.038461538461538464,
        "ride": 0.038461538461538464,
        "require": 0.038461538461538464,
        "receipt": 0.038461538461538464,
        "metro": 0.038461538461538464,
        "bus": 0.038461538461538464,
        "trip": 0.038461538461538464,
        "reimburs": 0.038461538461538464,
        "stor": 0.038461538461538464,
        "value": 0.038461538461538464,
        "state": 0.038461538461538464
      },
      "token_count": 26,
      "vector_norm": 0.19611613513818404
    }
  ],
  "preprocessing": {
    "stopwords": true,
    "stemming": true,
    "stopword_count": 79
  }
}